"GEOID10","WARD2010","TRACT2010","BLOCK2010","BLKGRP2010"
"250173513001008",3,351300,"1008","25017351300"
"250173513002009",3,351300,"2009","25017351300"
"250173502005007",1,350200,"5007","25017350200"
"250173509003017",6,350900,"3017","25017350900"
"250173505001006",6,350500,"1006","25017350500"
"250173504004006",6,350400,"4006","25017350400"
"250173509001008",6,350900,"1008","25017350900"
"250173502002005",1,350200,"2005","25017350200"
"250173514042013",1,351404,"2013","25017351404"
"250173502005009",1,350200,"5009","25017350200"
"250173515001018",2,351500,"1018","25017351500"
"250173513002000",1,351300,"2000","25017351300"
"250173514042009",1,351404,"2009","25017351404"
"250173501043033",1,350104,"3033","25017350104"
"250173515002032",2,351500,"2032","25017351500"
"250173515001034",2,351500,"1034","25017351500"
"250173506003000",7,350600,"3000","25017350600"
"250173508001001",7,350800,"1001","25017350800"
"250173504001009",5,350400,"1009","25017350400"
"250173512041016",2,351204,"1016","25017351204"
"250173509002003",6,350900,"2003","25017350900"
"250173513003002",3,351300,"3002","25017351300"
"250173512031001",2,351203,"1001","25017351203"
"250173512033002",2,351203,"3002","25017351203"
"250173512033000",2,351203,"3000","25017351203"
"250173512032002",2,351203,"2002","25017351203"
"250173515002007",2,351500,"2007","25017351500"
"250173515002006",2,351500,"2006","25017351500"
"250173501043004",1,350104,"3004","25017350104"
"250173501043012",1,350104,"3012","25017350104"
"250173501042000",4,350104,"2000","25017350104"
"250173501031002",1,350103,"1002","25017350103"
"250173509003006",6,350900,"3006","25017350900"
"250173501044015",4,350104,"4015","25017350104"
"250173507001010",7,350700,"1010","25017350700"
"250173514042008",1,351404,"2008","25017351404"
"250173501043030",1,350104,"3030","25017350104"
"250173501043007",1,350104,"3007","25017350104"
"250173514032000",1,351403,"2000","25017351403"
"250173514035001",1,351403,"5001","25017351403"
"250173515001017",2,351500,"1017","25017351500"
"250173515001030",2,351500,"1030","25017351500"
"250173515002028",2,351500,"2028","25017351500"
"250173504001007",6,350400,"1007","25017350400"
"250173504002003",6,350400,"2003","25017350400"
"250173504003003",5,350400,"3003","25017350400"
"250173510001005",5,351000,"1005","25017351000"
"250173504002004",5,350400,"2004","25017350400"
"250173504003000",5,350400,"3000","25017350400"
"250173503002002",5,350300,"2002","25017350300"
"250173503003001",5,350300,"3001","25017350300"
"250173503003013",5,350300,"3013","25017350300"
"250173502001002",5,350200,"1002","25017350200"
"250173501044003",4,350104,"4003","25017350104"
"250173501041016",4,350104,"1016","25017350104"
"250173501032009",4,350103,"2009","25017350103"
"250173501041017",4,350104,"1017","25017350104"
"250173511002003",5,351100,"2003","25017351100"
"250173511005005",3,351100,"5005","25017351100"
"250173510002003",3,351000,"2003","25017351000"
"250173511005002",3,351100,"5002","25017351100"
"250173511001000",3,351100,"1000","25017351100"
"250173511003000",3,351100,"3000","25017351100"
"250173512042002",2,351204,"2002","25017351204"
"250173512031002",2,351203,"1002","25017351203"
"250173502004003",4,350200,"4003","25017350200"
"250173512042007",3,351204,"2007","25017351204"
"250173504003004",5,350400,"3004","25017350400"
"250173504003002",5,350400,"3002","25017350400"
"250173503003003",5,350300,"3003","25017350300"
"250173503002001",5,350300,"2001","25017350300"
"250173502001001",5,350200,"1001","25017350200"
"250173503001008",5,350300,"1008","25017350300"
"250173501044008",5,350104,"4008","25017350104"
"250173501042007",4,350104,"2007","25017350104"
"250173501042006",4,350104,"2006","25017350104"
"250173501042012",4,350104,"2012","25017350104"
"250173501044005",4,350104,"4005","25017350104"
"250173502006004",4,350200,"6004","25017350200"
"250173501041013",4,350104,"1013","25017350104"
"250173501032005",4,350103,"2005","25017350103"
"250173501032003",4,350103,"2003","25017350103"
"250173510004010",5,351000,"4010","25017351000"
"250173510004002",5,351000,"4002","25017351000"
"250173510001007",3,351000,"1007","25017351000"
"250173510001008",3,351000,"1008","25017351000"
"250173510001006",3,351000,"1006","25017351000"
"250173512041006",3,351204,"1006","25017351204"
"250173511005008",3,351100,"5008","25017351100"
"250173511001008",3,351100,"1008","25017351100"
"250173512043009",2,351204,"3009","25017351204"
"250173512041002",2,351204,"1002","25017351204"
"250173512042012",2,351204,"2012","25017351204"
"250173512031005",2,351203,"1005","25017351203"
"250173512034007",2,351203,"4007","25017351203"
"250173512042006",2,351204,"2006","25017351204"
"250173509003003",6,350900,"3003","25017350900"
"250173515001005",1,351500,"1005","25017351500"
"250173507002003",7,350700,"2003","25017350700"
"250173510003002",2,351000,"3002","25017351000"
"250173502004011",5,350200,"4011","25017350200"
"250173505002004",7,350500,"2004","25017350500"
"250173508002004",6,350800,"2004","25017350800"
"250173511004003",3,351100,"4003","25017351100"
"250173512043004",2,351204,"3004","25017351204"
"250173512042015",2,351204,"2015","25017351204"
"250173514034003",1,351403,"4003","25017351403"
"250173507006006",7,350700,"6006","25017350700"
"250173507001015",7,350700,"1015","25017350700"
"250173507001016",7,350700,"1016","25017350700"
"250173507002001",7,350700,"2001","25017350700"
"250173507006003",7,350700,"6003","25017350700"
"250173507003006",7,350700,"3006","25017350700"
"250173507006007",7,350700,"6007","25017350700"
"250173508001005",7,350800,"1005","25017350800"
"250173515001035",2,351500,"1035","25017351500"
"250173514034006",1,351403,"4006","25017351403"
"250173514032004",1,351403,"2004","25017351403"
"250173501043021",1,350104,"3021","25017350104"
"250173514041003",1,351404,"1003","25017351404"
"250173514041006",1,351404,"1006","25017351404"
"250173501043017",1,350104,"3017","25017350104"
"250173514031006",1,351403,"1006","25017351403"
"250173514035000",1,351403,"5000","25017351403"
"250173514031007",1,351403,"1007","25017351403"
"250173504001008",6,350400,"1008","25017350400"
"250173501031013",1,350103,"1013","25017350103"
"250173507001009",7,350700,"1009","25017350700"
"250173501041019",4,350104,"1019","25017350104"
"250173515002000",2,351500,"2000","25017351500"
"250173501041005",4,350104,"1005","25017350104"
"250173501043026",1,350104,"3026","25017350104"
"250173508001007",7,350800,"1007","25017350800"
"250173515001027",1,351500,"1027","25017351500"
"250173512043010",2,351204,"3010","25017351204"
"250173509002014",6,350900,"2014","25017350900"
"250173503001001",5,350300,"1001","25017350300"
"250173514032003",1,351403,"2003","25017351403"
"250173501043019",1,350104,"3019","25017350104"
"250173514043006",1,351404,"3006","25017351404"
"250173501043029",1,350104,"3029","25017350104"
"250173514035003",1,351403,"5003","25017351403"
"250173515001025",2,351500,"1025","25017351500"
"250173504005001",6,350400,"5001","25017350400"
"250173504002002",5,350400,"2002","25017350400"
"250173504003007",5,350400,"3007","25017350400"
"250173510005001",5,351000,"5001","25017351000"
"250173504003001",5,350400,"3001","25017350400"
"250173503003002",5,350300,"3002","25017350300"
"250173503003000",5,350300,"3000","25017350300"
"250173503003008",5,350300,"3008","25017350300"
"250173503001006",5,350300,"1006","25017350300"
"250173501042001",4,350104,"2001","25017350104"
"250173502001005",5,350200,"1005","25017350200"
"250173501042010",4,350104,"2010","25017350104"
"250173502006000",4,350200,"6000","25017350200"
"250173501044001",4,350104,"4001","25017350104"
"250173502004005",4,350200,"4005","25017350200"
"250173501041011",4,350104,"1011","25017350104"
"250173501032016",4,350103,"2016","25017350103"
"250173501041004",4,350104,"1004","25017350104"
"250173501041006",4,350104,"1006","25017350104"
"250173501032010",4,350103,"2010","25017350103"
"250173501032007",4,350103,"2007","25017350103"
"250173501031017",1,350103,"1017","25017350103"
"250173509002008",6,350900,"2008","25017350900"
"250173510005006",5,351000,"5006","25017351000"
"250173510001003",5,351000,"1003","25017351000"
"250173510004000",5,351000,"4000","25017351000"
"250173510006003",5,351000,"6003","25017351000"
"250173511005003",3,351100,"5003","25017351100"
"250173511005004",3,351100,"5004","25017351100"
"250173510003010",2,351000,"3010","25017351000"
"250173511002005",5,351100,"2005","25017351100"
"250173511004000",3,351100,"4000","25017351100"
"250173511001006",3,351100,"1006","25017351100"
"250173511003001",3,351100,"3001","25017351100"
"250173513001004",3,351300,"1004","25017351300"
"250173512043000",2,351204,"3000","25017351204"
"250173512043001",2,351204,"3001","25017351204"
"250173512043011",2,351204,"3011","25017351204"
"250173512034005",2,351203,"4005","25017351203"
"250173512034003",2,351203,"4003","25017351203"
"250173502004012",4,350200,"4012","25017350200"
"250173513001007",3,351300,"1007","25017351300"
"250173513002010",3,351300,"2010","25017351300"
"250173504005004",6,350400,"5004","25017350400"
"250173504004011",6,350400,"4011","25017350400"
"250173504004008",6,350400,"4008","25017350400"
"250173509002007",6,350900,"2007","25017350900"
"250173509001000",6,350900,"1000","25017350900"
"250173514042004",1,351404,"2004","25017351404"
"250173513001005",3,351300,"1005","25017351300"
"250173513002006",3,351300,"2006","25017351300"
"250173513003000",3,351300,"3000","25017351300"
"250173512032008",2,351203,"2008","25017351203"
"250173515002016",2,351500,"2016","25017351500"
"250173501041007",4,350104,"1007","25017350104"
"250173502005005",1,350200,"5005","25017350200"
"250173501043027",1,350104,"3027","25017350104"
"250173507001011",7,350700,"1011","25017350700"
"250173515001000",1,351500,"1000","25017351500"
"250173501044009",5,350104,"4009","25017350104"
"250173502001000",5,350200,"1000","25017350200"
"250173501043011",1,350104,"3011","25017350104"
"250173514034004",1,351403,"4004","25017351403"
"250173501032022",4,350103,"2022","25017350103"
"250173515001024",2,351500,"1024","25017351500"
"250173501043025",1,350104,"3025","25017350104"
"250173515001001",1,351500,"1001","25017351500"
"250173510003005",2,351000,"3005","25017351000"
"250173512034006",2,351203,"4006","25017351203"
"250173515002024",2,351500,"2024","25017351500"
"250173502003001",4,350200,"3001","25017350200"
"250173514042006",1,351404,"2006","25017351404"
"250173503002000",5,350300,"2000","25017350300"
"250173506004001",7,350600,"4001","25017350600"
"250173505002000",6,350500,"2000","25017350500"
"250173505001008",6,350500,"1008","25017350500"
"250173504004007",6,350400,"4007","25017350400"
"250173509003012",6,350900,"3012","25017350900"
"250173506004006",6,350600,"4006","25017350600"
"250173504005002",6,350400,"5002","25017350400"
"250173504005006",6,350400,"5006","25017350400"
"250173509003013",6,350900,"3013","25017350900"
"250173504005007",6,350400,"5007","25017350400"
"250173504004013",6,350400,"4013","25017350400"
"250173514042005",1,351404,"2005","25017351404"
"250173502002007",1,350200,"2007","25017350200"
"250173513003004",3,351300,"3004","25017351300"
"250173513003001",3,351300,"3001","25017351300"
"250173514043003",1,351404,"3003","25017351404"
"250173512032003",2,351203,"2003","25017351203"
"250173512032006",2,351203,"2006","25017351203"
"250173515002009",2,351500,"2009","25017351500"
"250173515002019",2,351500,"2019","25017351500"
"250173515002005",2,351500,"2005","25017351500"
"250173515001020",2,351500,"1020","25017351500"
"250173501031003",1,350103,"1003","25017350103"
"250173501031016",1,350103,"1016","25017350103"
"250173510004008",5,351000,"4008","25017351000"
"250173515001021",1,351500,"1021","25017351500"
"250173506002006",7,350600,"2006","25017350600"
"250173508001004",7,350800,"1004","25017350800"
"250173509003016",6,350900,"3016","25017350900"
"250173515001014",2,351500,"1014","25017351500"
"250173515001029",2,351500,"1029","25017351500"
"250173510004006",5,351000,"4006","25017351000"
"250173512043008",2,351204,"3008","25017351204"
"250173512031004",2,351203,"1004","25017351203"
"250173514041007",1,351404,"1007","25017351404"
"250173501041008",4,350104,"1008","25017350104"
"250173501041009",4,350104,"1009","25017350104"
"250173501042014",4,350104,"2014","25017350104"
"250173501031010",1,350103,"1010","25017350103"
"250173507001012",7,350700,"1012","25017350700"
"250173507003003",7,350700,"3003","25017350700"
"250173507005000",7,350700,"5000","25017350700"
"250173507005002",7,350700,"5002","25017350700"
"250173508001006",7,350800,"1006","25017350800"
"250173514034000",1,351403,"4000","25017351403"
"250173505001007",6,350500,"1007","25017350500"
"250173509003024",6,350900,"3024","25017350900"
"250173504001006",6,350400,"1006","25017350400"
"250173505001004",6,350500,"1004","25017350500"
"250173509002001",6,350900,"2001","25017350900"
"250173504004010",6,350400,"4010","25017350400"
"250173502002008",1,350200,"2008","25017350200"
"250173513001006",3,351300,"1006","25017351300"
"250173508002000",7,350800,"2000","25017350800"
"250173508002002",7,350800,"2002","25017350800"
"250173512032000",2,351203,"2000","25017351203"
"250173514031004",1,351403,"1004","25017351403"
"250173514041002",1,351404,"1002","25017351404"
"250173514031005",1,351403,"1005","25017351403"
"250173514041000",1,351404,"1000","25017351404"
"250173515001016",2,351500,"1016","25017351500"
"250173515001032",2,351500,"1032","25017351500"
"250173509001007",6,350900,"1007","25017350900"
"250173504002005",5,350400,"2005","25017350400"
"250173503003007",5,350300,"3007","25017350300"
"250173503002003",5,350300,"2003","25017350300"
"250173503001003",5,350300,"1003","25017350300"
"250173501042003",4,350104,"2003","25017350104"
"250173501042008",4,350104,"2008","25017350104"
"250173502004001",5,350200,"4001","25017350200"
"250173501044013",4,350104,"4013","25017350104"
"250173501032012",4,350103,"2012","25017350103"
"250173501032017",4,350103,"2017","25017350103"
"250173501031015",1,350103,"1015","25017350103"
"250173509002012",6,350900,"2012","25017350900"
"250173510004004",6,351000,"4004","25017351000"
"250173510003001",2,351000,"3001","25017351000"
"250173510005005",5,351000,"5005","25017351000"
"250173511001007",3,351100,"1007","25017351100"
"250173510002000",3,351000,"2000","25017351000"
"250173511001009",3,351100,"1009","25017351100"
"250173511004005",3,351100,"4005","25017351100"
"250173511003002",2,351100,"3002","25017351100"
"250173501043013",1,350104,"3013","25017350104"
"250173501031018",1,350103,"1018","25017350103"
"250173512042016",3,351204,"2016","25017351204"
"250173515001031",2,351500,"1031","25017351500"
"250173501031014",1,350103,"1014","25017350103"
"250173501031012",1,350103,"1012","25017350103"
"250173501032006",4,350103,"2006","25017350103"
"250173515001019",2,351500,"1019","25017351500"
"250173502005008",1,350200,"5008","25017350200"
"250173501032015",4,350103,"2015","25017350103"
"250173501041020",4,350104,"1020","25017350104"
"250173501043000",4,350104,"3000","25017350104"
"250173512041014",2,351204,"1014","25017351204"
"250173515002017",2,351500,"2017","25017351500"
"250173512033009",2,351203,"3009","25017351203"
"250173515002022",2,351500,"2022","25017351500"
"250173509003023",6,350900,"3023","25017350900"
"250173509002013",6,350900,"2013","25017350900"
"250173509003022",6,350900,"3022","25017350900"
"250173510001002",5,351000,"1002","25017351000"
"250173504001000",6,350400,"1000","25017350400"
"250173501032011",4,350103,"2011","25017350103"
"250173510003004",2,351000,"3004","25017351000"
"250173510003003",2,351000,"3003","25017351000"
"250173510002004",3,351000,"2004","25017351000"
"250173510003008",2,351000,"3008","25017351000"
"250173512041009",2,351204,"1009","25017351204"
"250173512041015",2,351204,"1015","25017351204"
"250173512043003",2,351204,"3003","25017351204"
"250173511002002",5,351100,"2002","25017351100"
"250173511005007",3,351100,"5007","25017351100"
"250173512043012",2,351204,"3012","25017351204"
"250173512034002",2,351203,"4002","25017351203"
"250173502004010",3,350200,"4010","25017350200"
"250173502004008",4,350200,"4008","25017350200"
"250173513002012",3,351300,"2012","25017351300"
"250173502003002",4,350200,"3002","25017350200"
"250173502003005",4,350200,"3005","25017350200"
"250173513001001",3,351300,"1001","25017351300"
"250173502003006",4,350200,"3006","25017350200"
"250173501043016",1,350104,"3016","25017350104"
"250173502002002",1,350200,"2002","25017350200"
"250173514044003",1,351404,"4003","25017351404"
"250173503003011",5,350300,"3011","25017350300"
"250173514044002",1,351404,"4002","25017351404"
"250173515001013",1,351500,"1013","25017351500"
"250173504004005",6,350400,"4005","25017350400"
"250173503001002",5,350300,"1002","25017350300"
"250173501044002",4,350104,"4002","25017350104"
"250173506003001",7,350600,"3001","25017350600"
"250173506003005",7,350600,"3005","25017350600"
"250173506002003",7,350600,"2003","25017350600"
"250173509003021",6,350900,"3021","25017350900"
"250173512041001",2,351204,"1001","25017351204"
"250173502003004",4,350200,"3004","25017350200"
"250173514043005",1,351404,"3005","25017351404"
"250173514031000",1,351403,"1000","25017351403"
"250173509003001",6,350900,"3001","25017350900"
"250173511002000",5,351100,"2000","25017351100"
"250173507006004",7,350700,"6004","25017350700"
"250173507005003",7,350700,"5003","25017350700"
"250173507006008",7,350700,"6008","25017350700"
"250173514032005",1,351403,"2005","25017351403"
"250173514032001",1,351403,"2001","25017351403"
"250173514043004",1,351404,"3004","25017351404"
"250173514033004",1,351403,"3004","25017351403"
"250173501043018",1,350104,"3018","25017350104"
"250173515001028",2,351500,"1028","25017351500"
"250173512042003",2,351204,"2003","25017351204"
"250173512042000",2,351204,"2000","25017351204"
"250173506001001",6,350600,"1001","25017350600"
"250173512043005",2,351204,"3005","25017351204"
"250173502001007",5,350200,"1007","25017350200"
"250173511001001",3,351100,"1001","25017351100"
"250173511001003",3,351100,"1003","25017351100"
"250173513001000",3,351300,"1000","25017351300"
"250173512042004",2,351204,"2004","25017351204"
"250173513001003",3,351300,"1003","25017351300"
"250173513002004",3,351300,"2004","25017351300"
"250173502006006",4,350200,"6006","25017350200"
"250173502002004",1,350200,"2004","25017350200"
"250173502005010",1,350200,"5010","25017350200"
"250173505001002",6,350500,"1002","25017350500"
"250173509003011",6,350900,"3011","25017350900"
"250173504005005",6,350400,"5005","25017350400"
"250173504004001",6,350400,"4001","25017350400"
"250173504003006",6,350400,"3006","25017350400"
"250173513001009",3,351300,"1009","25017351300"
"250173515002004",2,351500,"2004","25017351500"
"250173514042002",1,351404,"2002","25017351404"
"250173514043000",1,351404,"3000","25017351404"
"250173515002013",2,351500,"2013","25017351500"
"250173515002003",2,351500,"2003","25017351500"
"250173515002018",2,351500,"2018","25017351500"
"250173501042002",4,350104,"2002","25017350104"
"250173501043014",1,350104,"3014","25017350104"
"250173507006002",7,350700,"6002","25017350700"
"250173515001011",1,351500,"1011","25017351500"
"250173515001010",1,351500,"1010","25017351500"
"250173507001006",7,350700,"1006","25017350700"
"250173507001014",7,350700,"1014","25017350700"
"250173507004004",7,350700,"4004","25017350700"
"250173507004001",7,350700,"4001","25017350700"
"250173515001015",2,351500,"1015","25017351500"
"250173514044010",1,351404,"4010","25017351404"
"250173514033000",1,351403,"3000","25017351403"
"250173514031010",1,351403,"1010","25017351403"
"250173515001006",1,351500,"1006","25017351500"
"250173515001003",1,351500,"1003","25017351500"
"250173515001022",1,351500,"1022","25017351500"
"250173504005008",6,350400,"5008","25017350400"
"250173504002000",5,350400,"2000","25017350400"
"250173504002006",5,350400,"2006","25017350400"
"250173510005000",5,351000,"5000","25017351000"
"250173503003015",5,350300,"3015","25017350300"
"250173503001007",5,350300,"1007","25017350300"
"250173502001006",5,350200,"1006","25017350200"
"250173501044007",4,350104,"4007","25017350104"
"250173502006003",4,350200,"6003","25017350200"
"250173501032014",4,350103,"2014","25017350103"
"250173501041010",4,350104,"1010","25017350104"
"250173501031011",1,350103,"1011","25017350103"
"250173507003001",7,350700,"3001","25017350700"
"250173506002005",7,350600,"2005","25017350600"
"250173508002003",7,350800,"2003","25017350800"
"250173509003015",6,350900,"3015","25017350900"
"250173512042013",2,351204,"2013","25017351204"
"250173512043002",2,351204,"3002","25017351204"
"250173506002000",7,350600,"2000","25017350600"
"250173506002002",7,350600,"2002","25017350600"
"250173505002003",7,350500,"2003","25017350500"
"250173508002005",6,350800,"2005","25017350800"
"250173509003002",6,350900,"3002","25017350900"
"250173509003009",6,350900,"3009","25017350900"
"250173509003010",6,350900,"3010","25017350900"
"250173510005003",5,351000,"5003","25017351000"
"250173510001000",5,351000,"1000","25017351000"
"250173502003000",4,350200,"3000","25017350200"
"250173513002007",3,351300,"2007","25017351300"
"250173512031000",2,351203,"1000","25017351203"
"250173514042001",1,351404,"2001","25017351404"
"250173501043003",1,350104,"3003","25017350104"
"250173514031003",1,351403,"1003","25017351403"
"250173515001033",2,351500,"1033","25017351500"
"250173515001004",1,351500,"1004","25017351500"
"250173504005000",6,350400,"5000","25017350400"
"250173510001004",5,351000,"1004","25017351000"
"250173504002001",5,350400,"2001","25017350400"
"250173502001004",5,350200,"1004","25017350200"
"250173501042011",4,350104,"2011","25017350104"
"250173502006002",4,350200,"6002","25017350200"
"250173501044014",4,350104,"4014","25017350104"
"250173501032013",4,350103,"2013","25017350103"
"250173502006005",4,350200,"6005","25017350200"
"250173501032018",4,350103,"2018","25017350103"
"250173501032004",4,350103,"2004","25017350103"
"250173501031004",1,350103,"1004","25017350103"
"250173510003000",2,351000,"3000","25017351000"
"250173509002009",6,350900,"2009","25017350900"
"250173510004007",5,351000,"4007","25017351000"
"250173512041010",2,351204,"1010","25017351204"
"250173511002004",5,351100,"2004","25017351100"
"250173510002001",3,351000,"2001","25017351000"
"250173510003007",2,351000,"3007","25017351000"
"250173512041011",3,351204,"1011","25017351204"
"250173512041005",3,351204,"1005","25017351204"
"250173512041013",2,351204,"1013","25017351204"
"250173511005000",3,351100,"5000","25017351100"
"250173511004004",3,351100,"4004","25017351100"
"250173511003003",2,351100,"3003","25017351100"
"250173512041003",2,351204,"1003","25017351204"
"250173512041000",2,351204,"1000","25017351204"
"250173512043007",2,351204,"3007","25017351204"
"250173502004000",4,350200,"4000","25017350200"
"250173502004009",4,350200,"4009","25017350200"
"250173502004014",4,350200,"4014","25017350200"
"250173502004013",3,350200,"4013","25017350200"
"250173506001005",6,350600,"1005","25017350600"
"250173506004000",7,350600,"4000","25017350600"
"250173506001003",6,350600,"1003","25017350600"
"250173509003000",6,350900,"3000","25017350900"
"250173509003007",6,350900,"3007","25017350900"
"250173506004005",6,350600,"4005","25017350600"
"250173505001001",6,350500,"1001","25017350500"
"250173505001005",6,350500,"1005","25017350500"
"250173505001003",6,350500,"1003","25017350500"
"250173504005003",6,350400,"5003","25017350400"
"250173504004004",6,350400,"4004","25017350400"
"250173504004002",6,350400,"4002","25017350400"
"250173509001005",6,350900,"1005","25017350900"
"250173513002002",1,351300,"2002","25017351300"
"250173514044004",1,351404,"4004","25017351404"
"250173513003005",3,351300,"3005","25017351300"
"250173513003007",3,351300,"3007","25017351300"
"250173514044007",1,351404,"4007","25017351404"
"250173512034000",2,351203,"4000","25017351203"
"250173512032004",2,351203,"2004","25017351203"
"250173512033006",2,351203,"3006","25017351203"
"250173514044008",1,351404,"4008","25017351404"
"250173512032005",2,351203,"2005","25017351203"
"250173512032009",2,351203,"2009","25017351203"
"250173515002002",2,351500,"2002","25017351500"
"250173515002014",2,351500,"2014","25017351500"
"250173501041000",4,350104,"1000","25017350104"
"250173501043032",1,350104,"3032","25017350104"
"250173507004002",7,350700,"4002","25017350700"
"250173501044011",4,350104,"4011","25017350104"
"250173514031001",1,351403,"1001","25017351403"
"250173501043028",1,350104,"3028","25017350104"
"250173501044010",5,350104,"4010","25017350104"
"250173502002001",1,350200,"2001","25017350200"
"250173502002006",1,350200,"2006","25017350200"
"250173507004000",7,350700,"4000","25017350700"
"250173501032019",4,350103,"2019","25017350103"
"250173501044012",4,350104,"4012","25017350104"
"250173515001023",1,351500,"1023","25017351500"
"250173515002031",2,351500,"2031","25017351500"
"250173515002029",2,351500,"2029","25017351500"
"250173506003006",7,350600,"3006","25017350600"
"250173508001003",7,350800,"1003","25017350800"
"250173509003019",6,350900,"3019","25017350900"
"250173515002026",2,351500,"2026","25017351500"
"250173511001004",3,351100,"1004","25017351100"
"250173502006007",4,350200,"6007","25017350200"
"250173502003007",4,350200,"3007","25017350200"
"250173502002009",1,350200,"2009","25017350200"
"250173512033001",2,351203,"3001","25017351203"
"250173501043001",4,350104,"3001","25017350104"
"250173501042004",4,350104,"2004","25017350104"
"250173515001012",1,351500,"1012","25017351500"
"250173507001008",7,350700,"1008","25017350700"
"250173507004003",7,350700,"4003","25017350700"
"250173505002005",7,350500,"2005","25017350500"
"250173507005001",7,350700,"5001","25017350700"
"250173508001000",7,350800,"1000","25017350800"
"250173508001002",7,350800,"1002","25017350800"
"250173514034001",1,351403,"4001","25017351403"
"250173501043015",1,350104,"3015","25017350104"
"250173501031020",1,350103,"1020","25017350103"
"250173501031019",1,350103,"1019","25017350103"
"250173563001012",7,356300,"1012","25017356300"
"250173507003007",7,350700,"3007","25017350700"
"250173507003005",7,350700,"3005","25017350700"
"250173507006005",7,350700,"6005","25017350700"
"250173506001004",6,350600,"1004","25017350600"
"250173502005011",1,350200,"5011","25017350200"
"250173514034002",1,351403,"4002","25017351403"
"250173514032002",1,351403,"2002","25017351403"
"250173501043022",1,350104,"3022","25017350104"
"250173507003000",7,350700,"3000","25017350700"
"250173515001008",1,351500,"1008","25017351500"
"250173511001002",3,351100,"1002","25017351100"
"250173514042011",1,351404,"2011","25017351404"
"250173509001001",6,350900,"1001","25017350900"
"250173506003003",7,350600,"3003","25017350600"
"250173506002001",7,350600,"2001","25017350600"
"250173506004003",7,350600,"4003","25017350600"
"250173505002001",6,350500,"2001","25017350500"
"250173510004009",5,351000,"4009","25017351000"
"250173510006006",3,351000,"6006","25017351000"
"250173512031003",2,351203,"1003","25017351203"
"250173501041018",4,350104,"1018","25017350104"
"250173508002001",7,350800,"2001","25017350800"
"250173501041002",4,350104,"1002","25017350104"
"250173507001001",7,350700,"1001","25017350700"
"250173507001002",7,350700,"1002","25017350700"
"250173507003004",7,350700,"3004","25017350700"
"250173515002011",2,351500,"2011","25017351500"
"250173501043009",1,350104,"3009","25017350104"
"250173514031002",1,351403,"1002","25017351403"
"250173501043005",1,350104,"3005","25017350104"
"250173501031021",1,350103,"1021","25017350103"
"250173512042005",2,351204,"2005","25017351204"
"250173514044006",3,351404,"4006","25017351404"
"250173513003003",3,351300,"3003","25017351300"
"250173508002006",7,350800,"2006","25017350800"
"250173512033007",2,351203,"3007","25017351203"
"250173515002020",2,351500,"2020","25017351500"
"250173509002004",6,350900,"2004","25017350900"
"250173514042012",1,351404,"2012","25017351404"
"250173514042000",1,351404,"2000","25017351404"
"250173514044000",1,351404,"4000","25017351404"
"250173514044001",1,351404,"4001","25017351404"
"250173512034001",2,351203,"4001","25017351203"
"250173515002021",2,351500,"2021","25017351500"
"250173515002015",2,351500,"2015","25017351500"
"250173515002027",2,351500,"2027","25017351500"
"250173501031022",1,350103,"1022","25017350103"
"250173501032008",4,350103,"2008","25017350103"
"250173512042008",2,351204,"2008","25017351204"
"250173515001009",1,351500,"1009","25017351500"
"250173514041004",1,351404,"1004","25017351404"
"250173514033002",1,351403,"3002","25017351403"
"250173501043031",1,350104,"3031","25017350104"
"250173514031009",1,351403,"1009","25017351403"
"250173501031009",1,350103,"1009","25017350103"
"250173514031011",1,351403,"1011","25017351403"
"250173502003003",4,350200,"3003","25017350200"
"250173502005001",4,350200,"5001","25017350200"
"250173514034007",1,351403,"4007","25017351403"
"250173514041001",1,351404,"1001","25017351404"
"250173507002004",7,350700,"2004","25017350700"
"250173507004005",7,350700,"4005","25017350700"
"250173507002002",7,350700,"2002","25017350700"
"250173507006000",7,350700,"6000","25017350700"
"250173509003020",6,350900,"3020","25017350900"
"250173514035002",1,351403,"5002","25017351403"
"250173501031008",1,350103,"1008","25017350103"
"250173503001004",5,350300,"1004","25017350300"
"250173501042009",4,350104,"2009","25017350104"
"250173501044000",4,350104,"4000","25017350104"
"250173502004007",4,350200,"4007","25017350200"
"250173501041001",4,350104,"1001","25017350104"
"250173501032020",4,350103,"2020","25017350103"
"250173501041012",4,350104,"1012","25017350104"
"250173521011001",1,352101,"1001","25017352101"
"250173512042011",3,351204,"2011","25017351204"
"250173501043024",1,350104,"3024","25017350104"
"250173501041014",4,350104,"1014","25017350104"
"250173504001004",6,350400,"1004","25017350400"
"250173503001005",5,350300,"1005","25017350300"
"250173501043023",1,350104,"3023","25017350104"
"250173501043010",1,350104,"3010","25017350104"
"250173509003004",7,350900,"3004","25017350900"
"250173512042014",2,351204,"2014","25017351204"
"250173506003002",7,350600,"3002","25017350600"
"250173506004002",7,350600,"4002","25017350600"
"250173509003005",6,350900,"3005","25017350900"
"250173510005002",6,351000,"5002","25017351000"
"250173510006004",3,351000,"6004","25017351000"
"250173510001001",5,351000,"1001","25017351000"
"250173513001010",3,351300,"1010","25017351300"
"250173511003005",2,351100,"3005","25017351100"
"250173512042001",2,351204,"2001","25017351204"
"250173512042009",3,351204,"2009","25017351204"
"250173513001002",3,351300,"1002","25017351300"
"250173513002011",3,351300,"2011","25017351300"
"250173502005000",4,350200,"5000","25017350200"
"250173502005003",4,350200,"5003","25017350200"
"250173502005006",1,350200,"5006","25017350200"
"250173502002003",1,350200,"2003","25017350200"
"250173504001003",6,350400,"1003","25017350400"
"250173504004009",6,350400,"4009","25017350400"
"250173509002002",6,350900,"2002","25017350900"
"250173502005004",4,350200,"5004","25017350200"
"250173509001002",6,350900,"1002","25017350900"
"250173509002006",6,350900,"2006","25017350900"
"250173504004000",6,350400,"4000","25017350400"
"250173509001004",6,350900,"1004","25017350900"
"250173509002000",6,350900,"2000","25017350900"
"250173513002008",3,351300,"2008","25017351300"
"250173514042010",1,351404,"2010","25017351404"
"250173514042003",1,351404,"2003","25017351404"
"250173510003009",2,351000,"3009","25017351000"
"250173510002005",3,351000,"2005","25017351000"
"250173511004002",3,351100,"4002","25017351100"
"250173511001005",3,351100,"1005","25017351100"
"250173511002006",5,351100,"2006","25017351100"
"250173512041008",2,351204,"1008","25017351204"
"250173512043006",2,351204,"3006","25017351204"
"250173512032001",2,351203,"2001","25017351203"
"250173507003002",7,350700,"3002","25017350700"
"250173507006009",7,350700,"6009","25017350700"
"250173502001010",5,350200,"1010","25017350200"
"250173506003004",7,350600,"3004","25017350600"
"250173506001000",6,350600,"1000","25017350600"
"250173511005001",3,351100,"5001","25017351100"
"250173511004001",3,351100,"4001","25017351100"
"250173502001009",5,350200,"1009","25017350200"
"250173502003008",4,350200,"3008","25017350200"
"250173514042007",1,351404,"2007","25017351404"
"250173502005012",1,350200,"5012","25017350200"
"250173501041021",4,350104,"1021","25017350104"
"250173506004004",7,350600,"4004","25017350600"
"250173505002002",7,350500,"2002","25017350500"
"250173509003008",6,350900,"3008","25017350900"
"250173506004007",6,350600,"4007","25017350600"
"250173505001000",6,350500,"1000","25017350500"
"250173504001005",6,350400,"1005","25017350400"
"250173504004003",6,350400,"4003","25017350400"
"250173509003014",6,350900,"3014","25017350900"
"250173511005006",3,351100,"5006","25017351100"
"250173511003004",2,351100,"3004","25017351100"
"250173506001002",6,350600,"1002","25017350600"
"250173512034004",2,351203,"4004","25017351203"
"250173512033005",2,351203,"3005","25017351203"
"250173502004002",5,350200,"4002","25017350200"
"250173502004004",4,350200,"4004","25017350200"
"250173501041015",4,350104,"1015","25017350104"
"250173501032021",4,350103,"2021","25017350103"
"250173514043002",1,351404,"3002","25017351404"
"250173513002003",1,351300,"2003","25017351300"
"250173501032002",4,350103,"2002","25017350103"
"250173501044004",4,350104,"4004","25017350104"
"250173512033003",2,351203,"3003","25017351203"
"250173515002030",2,351500,"2030","25017351500"
"250173507001005",7,350700,"1005","25017350700"
"250173509002005",6,350900,"2005","25017350900"
"250173509002015",6,350900,"2015","25017350900"
"250173393001009",7,339300,"1009","25017339300"
"250173393001010",7,339300,"1010","25017339300"
"250173509002011",6,350900,"2011","25017350900"
"250173510004001",5,351000,"4001","25017351000"
"250173510006005",5,351000,"6005","25017351000"
"250173510006002",5,351000,"6002","25017351000"
"250173511002001",5,351100,"2001","25017351100"
"250173510002002",3,351000,"2002","25017351000"
"250173510003006",2,351000,"3006","25017351000"
"250173567011011",7,356701,"1011","25017356701"
"250173514044005",1,351404,"4005","25017351404"
"250173503002004",5,350300,"2004","25017350300"
"250173503003005",5,350300,"3005","25017350300"
"250173503002005",5,350300,"2005","25017350300"
"250173503003006",5,350300,"3006","25017350300"
"250173503003010",5,350300,"3010","25017350300"
"250173503003014",5,350300,"3014","25017350300"
"250173503003012",5,350300,"3012","25017350300"
"250173503001009",5,350300,"1009","25017350300"
"250173515001002",1,351500,"1002","25017351500"
"250173501041003",4,350104,"1003","25017350104"
"250173507001007",7,350700,"1007","25017350700"
"250173507002000",7,350700,"2000","25017350700"
"250173507006001",7,350700,"6001","25017350700"
"250173514034005",1,351403,"4005","25017351403"
"250173514032006",1,351403,"2006","25017351403"
"250173501043020",1,350104,"3020","25017350104"
"250173514043001",1,351404,"3001","25017351404"
"250173514033003",1,351403,"3003","25017351403"
"250173514033001",1,351403,"3001","25017351403"
"250173515001007",1,351500,"1007","25017351500"
"250173508002007",7,350800,"2007","25017350800"
"250173512033008",2,351203,"3008","25017351203"
"250173515002023",2,351500,"2023","25017351500"
"250173515002025",2,351500,"2025","25017351500"
"250173515002033",2,351500,"2033","25017351500"
"250173507001013",7,350700,"1013","25017350700"
"250173503003004",5,350300,"3004","25017350300"
"250173504001001",6,350400,"1001","25017350400"
"250173502001003",5,350200,"1003","25017350200"
"250173502001008",5,350200,"1008","25017350200"
"250173501042013",4,350104,"2013","25017350104"
"250173501042005",4,350104,"2005","25017350104"
"250173501042015",4,350104,"2015","25017350104"
"250173502004006",4,350200,"4006","25017350200"
"250173501043006",1,350104,"3006","25017350104"
"250173509002010",6,350900,"2010","25017350900"
"250173512041012",2,351204,"1012","25017351204"
"250173514031008",1,351403,"1008","25017351403"
"250173512041007",3,351204,"1007","25017351204"
"250173503001000",5,350300,"1000","25017350300"
"250173501044016",4,350104,"4016","25017350104"
"250173502005002",4,350200,"5002","25017350200"
"250173512042010",3,351204,"2010","25017351204"
"250173512032007",2,351203,"2007","25017351203"
"250173512041004",2,351204,"1004","25017351204"
"250173504001002",6,350400,"1002","25017350400"
"250173507001004",7,350700,"1004","25017350700"
"250173503003009",5,350300,"3009","25017350300"
"250173501044006",4,350104,"4006","25017350104"
"250173506002004",7,350600,"2004","25017350600"
"250173514044009",1,351404,"4009","25017351404"
"250173515002001",2,351500,"2001","25017351500"
"250173515002012",2,351500,"2012","25017351500"
"250173515002008",2,351500,"2008","25017351500"
"250173512033004",2,351203,"3004","25017351203"
"250173515002010",2,351500,"2010","25017351500"
"250173501043008",1,350104,"3008","25017350104"
"250173501043002",1,350104,"3002","25017350104"
"250173506002007",7,350600,"2007","25017350600"
"250173509003018",6,350900,"3018","25017350900"
"250173510005004",6,351000,"5004","25017351000"
"250173510004003",5,351000,"4003","25017351000"
"250173509001003",6,350900,"1003","25017350900"
"250173504004012",6,350400,"4012","25017350400"
"250173504003005",6,350400,"3005","25017350400"
"250173509001006",6,350900,"1006","25017350900"
"250173502002000",1,350200,"2000","25017350200"
"250173513002001",3,351300,"2001","25017351300"
"250173513002005",3,351300,"2005","25017351300"
"250173514034008",1,351403,"4008","25017351403"
"250173510004005",5,351000,"4005","25017351000"
"250173510006000",5,351000,"6000","25017351000"
"250173510006001",5,351000,"6001","25017351000"
"250173502006001",4,350200,"6001","25017350200"
"250173513003006",3,351300,"3006","25017351300"
"250173514041005",1,351404,"1005","25017351404"
