GEOID,NBHD
250173515002032,Boynton Yards
250173515002028,Boynton Yards
250173515002024,Boynton Yards
250173515002019,Boynton Yards
250173515002018,Boynton Yards
250173515002031,Boynton Yards
250173515002029,Boynton Yards
250173515002026,Boynton Yards
250173515002027,Boynton Yards
250173515002030,Boynton Yards
250173515002023,Boynton Yards
250173515002025,Boynton Yards
250173515002033,Boynton Yards
250173515001034,Twin City
250173515001032,Twin City
250173515001031,Twin City
250173515001028,Twin City
250173515001033,Twin City
250173515001018,Brickbottom
250173515001017,Brickbottom
250173515001025,Brickbottom
250173515001024,Brickbottom
250173515001016,Brickbottom
250173515001019,Brickbottom
250173515001015,Brickbottom
250173512043009,Duck Village
250173512043004,Duck Village
250173512043010,Duck Village
250173512043000,Duck Village
250173512043001,Duck Village
250173512043011,Duck Village
250173512043008,Duck Village
250173512043003,Duck Village
250173512043012,Duck Village
250173512043005,Duck Village
250173512043002,Duck Village
250173512043007,Duck Village
250173512043006,Duck Village
250173515001000,Inner Belt
250173515001001,Inner Belt
250173515001011,Inner Belt
250173515001010,Inner Belt
250173515001022,Inner Belt
250173515001004,Inner Belt
250173515001023,Inner Belt
250173515001008,Inner Belt
250173515001002,Inner Belt
250173513001008,Union Square
250173513002009,Union Square
250173513002000,Union Square
250173513003002,Union Square
250173512031001,Union Square
250173512033002,Union Square
250173512033000,Union Square
250173512032002,Union Square
250173515002007,Union Square
250173515002006,Union Square
250173512042002,Union Square
250173512031002,Union Square
250173512042007,Union Square
250173512042012,Union Square
250173512031005,Union Square
250173512034007,Union Square
250173512042006,Union Square
250173512042015,Union Square
250173515002000,Union Square
250173513001004,Union Square
250173512034005,Union Square
250173512034003,Union Square
250173513001007,Union Square
250173513002010,Union Square
250173513001005,Union Square
250173513002006,Union Square
250173513003000,Union Square
250173512032008,Union Square
250173515002016,Union Square
250173512034006,Union Square
250173513003004,Union Square
250173513003001,Union Square
250173512032003,Union Square
250173512032006,Union Square
250173515002009,Union Square
250173515002005,Union Square
250173512031004,Union Square
250173513001006,Union Square
250173512032000,Union Square
250173512042016,Union Square
250173512033009,Union Square
250173515002022,Union Square
250173512034002,Union Square
250173513002012,Union Square
250173513001001,Union Square
250173512042003,Union Square
250173512042000,Union Square
250173513001000,Union Square
250173512042004,Union Square
250173513001003,Union Square
250173513002004,Union Square
250173513001009,Union Square
250173515002004,Union Square
250173515002013,Union Square
250173515002003,Union Square
250173512042013,Union Square
250173513002007,Union Square
250173512031000,Union Square
250173513002002,Union Square
250173513003005,Union Square
250173513003007,Union Square
250173512034000,Union Square
250173512032004,Union Square
250173512033006,Union Square
250173512032005,Union Square
250173512032009,Union Square
250173515002002,Union Square
250173515002014,Union Square
250173512033001,Union Square
250173512031003,Union Square
250173515002011,Union Square
250173512042005,Union Square
250173514044006,Union Square
250173513003003,Union Square
250173512033007,Union Square
250173515002020,Union Square
250173512034001,Union Square
250173515002021,Union Square
250173515002015,Union Square
250173512042008,Union Square
250173512042011,Union Square
250173512042014,Union Square
250173513001010,Union Square
250173512042001,Union Square
250173512042009,Union Square
250173513001002,Union Square
250173513002011,Union Square
250173513002008,Union Square
250173512032001,Union Square
250173512034004,Union Square
250173512033005,Union Square
250173513002003,Union Square
250173512033003,Union Square
250173514044005,Union Square
250173512033008,Union Square
250173512042010,Union Square
250173512032007,Union Square
250173515002001,Union Square
250173515002012,Union Square
250173515002008,Union Square
250173512033004,Union Square
250173515002010,Union Square
250173513002001,Union Square
250173513002005,Union Square
250173513003006,Union Square
250173514042013,East Somerville
250173501043004,East Somerville
250173501043012,East Somerville
250173501043030,East Somerville
250173514032000,East Somerville
250173514035001,East Somerville
250173514034003,East Somerville
250173514034006,East Somerville
250173514032004,East Somerville
250173501043021,East Somerville
250173514041003,East Somerville
250173514041006,East Somerville
250173501043017,East Somerville
250173514031006,East Somerville
250173514035000,East Somerville
250173514031007,East Somerville
250173501043026,East Somerville
250173514032003,East Somerville
250173501043019,East Somerville
250173514043006,East Somerville
250173501043029,East Somerville
250173514035003,East Somerville
250173501043027,East Somerville
250173501043011,East Somerville
250173514034004,East Somerville
250173501043025,East Somerville
250173514043003,East Somerville
250173514041007,East Somerville
250173514034000,East Somerville
250173514031004,East Somerville
250173514041002,East Somerville
250173514041000,East Somerville
250173501043013,East Somerville
250173501043016,East Somerville
250173514044003,East Somerville
250173514044002,East Somerville
250173514043005,East Somerville
250173514031000,East Somerville
250173514032005,East Somerville
250173514032001,East Somerville
250173514043004,East Somerville
250173514033004,East Somerville
250173501043018,East Somerville
250173514042002,East Somerville
250173514043000,East Somerville
250173501043014,East Somerville
250173514044010,East Somerville
250173514033000,East Somerville
250173514031010,East Somerville
250173514042001,East Somerville
250173501043003,East Somerville
250173514044004,East Somerville
250173514044007,East Somerville
250173514044008,East Somerville
250173501043032,East Somerville
250173514031001,East Somerville
250173501043028,East Somerville
250173514034001,East Somerville
250173501043015,East Somerville
250173514034002,East Somerville
250173514032002,East Somerville
250173501043022,East Somerville
250173501043009,East Somerville
250173514031002,East Somerville
250173501043005,East Somerville
250173514042000,East Somerville
250173514044000,East Somerville
250173514044001,East Somerville
250173514041004,East Somerville
250173514033002,East Somerville
250173501043031,East Somerville
250173514031009,East Somerville
250173514031011,East Somerville
250173514034007,East Somerville
250173514041001,East Somerville
250173514035002,East Somerville
250173501043024,East Somerville
250173501043023,East Somerville
250173501043010,East Somerville
250173514043002,East Somerville
250173514034005,East Somerville
250173514032006,East Somerville
250173501043020,East Somerville
250173514043001,East Somerville
250173514033003,East Somerville
250173514033001,East Somerville
250173514031008,East Somerville
250173514044009,East Somerville
250173501043008,East Somerville
250173501043002,East Somerville
250173514034008,East Somerville
250173514041005,East Somerville
250173509002003,Porter Square
250173510004010,Porter Square
250173510004002,Porter Square
250173510003002,Porter Square
250173509002014,Porter Square
250173509002008,Porter Square
250173509002007,Porter Square
250173510003005,Porter Square
250173510004008,Porter Square
250173510004006,Porter Square
250173509002001,Porter Square
250173509002012,Porter Square
250173510004004,Porter Square
250173510003001,Porter Square
250173509002013,Porter Square
250173510003004,Porter Square
250173510003003,Porter Square
250173510003008,Porter Square
250173510003000,Porter Square
250173509002009,Porter Square
250173510004007,Porter Square
250173510003007,Porter Square
250173510004009,Porter Square
250173509002004,Porter Square
250173509002002,Porter Square
250173509002006,Porter Square
250173509002000,Porter Square
250173510003009,Porter Square
250173509002005,Porter Square
250173509002015,Porter Square
250173509002011,Porter Square
250173510004001,Porter Square
250173510003006,Porter Square
250173509002010,Porter Square
250173510004003,Porter Square
250173510004005,Porter Square
250173512041016,Spring Hill
250173510001005,Spring Hill
250173511002003,Spring Hill
250173511005005,Spring Hill
250173510002003,Spring Hill
250173511005002,Spring Hill
250173511001000,Spring Hill
250173511003000,Spring Hill
250173510001007,Spring Hill
250173510001008,Spring Hill
250173510001006,Spring Hill
250173512041006,Spring Hill
250173511005008,Spring Hill
250173511001008,Spring Hill
250173512041002,Spring Hill
250173511004003,Spring Hill
250173510005001,Spring Hill
250173510005006,Spring Hill
250173510001003,Spring Hill
250173510006003,Spring Hill
250173511005003,Spring Hill
250173511005004,Spring Hill
250173511002005,Spring Hill
250173511004000,Spring Hill
250173511001006,Spring Hill
250173511003001,Spring Hill
250173510005005,Spring Hill
250173511001007,Spring Hill
250173510002000,Spring Hill
250173511001009,Spring Hill
250173511004005,Spring Hill
250173511003002,Spring Hill
250173512041014,Spring Hill
250173510001002,Spring Hill
250173510002004,Spring Hill
250173512041009,Spring Hill
250173512041015,Spring Hill
250173511002002,Spring Hill
250173511005007,Spring Hill
250173512041001,Spring Hill
250173511002000,Spring Hill
250173511001001,Spring Hill
250173511001003,Spring Hill
250173510005003,Spring Hill
250173510001000,Spring Hill
250173510001004,Spring Hill
250173512041010,Spring Hill
250173511002004,Spring Hill
250173510002001,Spring Hill
250173512041011,Spring Hill
250173512041005,Spring Hill
250173512041013,Spring Hill
250173511005000,Spring Hill
250173511004004,Spring Hill
250173511003003,Spring Hill
250173512041003,Spring Hill
250173512041000,Spring Hill
250173511001004,Spring Hill
250173511001002,Spring Hill
250173510006006,Spring Hill
250173510005002,Spring Hill
250173510006004,Spring Hill
250173510001001,Spring Hill
250173511003005,Spring Hill
250173510002005,Spring Hill
250173511004002,Spring Hill
250173511001005,Spring Hill
250173511002006,Spring Hill
250173512041008,Spring Hill
250173511005001,Spring Hill
250173511004001,Spring Hill
250173511005006,Spring Hill
250173511003004,Spring Hill
250173510006005,Spring Hill
250173510006002,Spring Hill
250173511002001,Spring Hill
250173510002002,Spring Hill
250173512041012,Spring Hill
250173512041007,Spring Hill
250173512041004,Spring Hill
250173510005004,Spring Hill
250173510006000,Spring Hill
250173510006001,Spring Hill
250173501031013,Assembly Square
250173501031017,Assembly Square
250173501031003,Assembly Square
250173501031016,Assembly Square
250173501031010,Assembly Square
250173501031015,Assembly Square
250173501031018,Assembly Square
250173501031014,Assembly Square
250173501031012,Assembly Square
250173501031011,Assembly Square
250173501031020,Assembly Square
250173501031021,Assembly Square
250173501031022,Assembly Square
250173501032009,Ten Hills
250173501032005,Ten Hills
250173501032003,Ten Hills
250173501032016,Ten Hills
250173501032010,Ten Hills
250173501032007,Ten Hills
250173501032022,Ten Hills
250173501032012,Ten Hills
250173501032017,Ten Hills
250173501032006,Ten Hills
250173501032015,Ten Hills
250173501032011,Ten Hills
250173501032014,Ten Hills
250173501032013,Ten Hills
250173501032018,Ten Hills
250173501032004,Ten Hills
250173501032019,Ten Hills
250173501032008,Ten Hills
250173501032020,Ten Hills
250173501032021,Ten Hills
250173503002002,Magoun Square
250173503003001,Magoun Square
250173503003013,Magoun Square
250173502001002,Magoun Square
250173503003003,Magoun Square
250173503002001,Magoun Square
250173502001001,Magoun Square
250173503001008,Magoun Square
250173503001001,Magoun Square
250173503003002,Magoun Square
250173503003000,Magoun Square
250173503003008,Magoun Square
250173503001006,Magoun Square
250173502001005,Magoun Square
250173502001000,Magoun Square
250173503002000,Magoun Square
250173503003007,Magoun Square
250173503002003,Magoun Square
250173503001003,Magoun Square
250173503003011,Magoun Square
250173503001002,Magoun Square
250173502001007,Magoun Square
250173503003015,Magoun Square
250173503001007,Magoun Square
250173502001006,Magoun Square
250173502001004,Magoun Square
250173503001004,Magoun Square
250173503001005,Magoun Square
250173502001010,Magoun Square
250173502001009,Magoun Square
250173503002004,Magoun Square
250173503002005,Magoun Square
250173503003006,Magoun Square
250173503003010,Magoun Square
250173503003014,Magoun Square
250173503003012,Magoun Square
250173502001003,Magoun Square
250173502001008,Magoun Square
250173503001000,Magoun Square
250173503003009,Magoun Square
250173502005007,Winter Hill
250173502002005,Winter Hill
250173502005009,Winter Hill
250173514042009,Winter Hill
250173501042000,Winter Hill
250173501044015,Winter Hill
250173514042008,Winter Hill
250173501043007,Winter Hill
250173501044003,Winter Hill
250173501041016,Winter Hill
250173501041017,Winter Hill
250173502004003,Winter Hill
250173501044008,Winter Hill
250173501042007,Winter Hill
250173501042006,Winter Hill
250173501042012,Winter Hill
250173501044005,Winter Hill
250173502006004,Winter Hill
250173501041013,Winter Hill
250173502004011,Winter Hill
250173501041019,Winter Hill
250173501041005,Winter Hill
250173501042001,Winter Hill
250173501042010,Winter Hill
250173502006000,Winter Hill
250173501044001,Winter Hill
250173502004005,Winter Hill
250173501041011,Winter Hill
250173501041004,Winter Hill
250173501041006,Winter Hill
250173502004012,Winter Hill
250173514042004,Winter Hill
250173501041007,Winter Hill
250173502005005,Winter Hill
250173502003001,Winter Hill
250173514042006,Winter Hill
250173514042005,Winter Hill
250173502002007,Winter Hill
250173501041008,Winter Hill
250173501041009,Winter Hill
250173501042014,Winter Hill
250173502002008,Winter Hill
250173501042003,Winter Hill
250173501042008,Winter Hill
250173502004001,Winter Hill
250173501044013,Winter Hill
250173502005008,Winter Hill
250173501041020,Winter Hill
250173501043000,Winter Hill
250173502004010,Winter Hill
250173502004008,Winter Hill
250173502003002,Winter Hill
250173502003005,Winter Hill
250173502003006,Winter Hill
250173502002002,Winter Hill
250173501044002,Winter Hill
250173502003004,Winter Hill
250173502006006,Winter Hill
250173502002004,Winter Hill
250173502005010,Winter Hill
250173501042002,Winter Hill
250173501044007,Winter Hill
250173502006003,Winter Hill
250173501041010,Winter Hill
250173502003000,Winter Hill
250173501042011,Winter Hill
250173502006002,Winter Hill
250173501044014,Winter Hill
250173502006005,Winter Hill
250173502004000,Winter Hill
250173502004009,Winter Hill
250173502004014,Winter Hill
250173502004013,Winter Hill
250173501041000,Winter Hill
250173501044011,Winter Hill
250173501044010,Winter Hill
250173502002001,Winter Hill
250173502002006,Winter Hill
250173501044012,Winter Hill
250173502006007,Winter Hill
250173502003007,Winter Hill
250173502002009,Winter Hill
250173501043001,Winter Hill
250173501042004,Winter Hill
250173502005011,Winter Hill
250173514042011,Winter Hill
250173501041018,Winter Hill
250173501041002,Winter Hill
250173514042012,Winter Hill
250173502003003,Winter Hill
250173502005001,Winter Hill
250173501042009,Winter Hill
250173501044000,Winter Hill
250173502004007,Winter Hill
250173501041001,Winter Hill
250173501041012,Winter Hill
250173501041014,Winter Hill
250173502005000,Winter Hill
250173502005003,Winter Hill
250173502005006,Winter Hill
250173502002003,Winter Hill
250173502005004,Winter Hill
250173514042010,Winter Hill
250173514042003,Winter Hill
250173502003008,Winter Hill
250173514042007,Winter Hill
250173502005012,Winter Hill
250173501041021,Winter Hill
250173502004002,Winter Hill
250173502004004,Winter Hill
250173501041015,Winter Hill
250173501044004,Winter Hill
250173501041003,Winter Hill
250173501042013,Winter Hill
250173501042005,Winter Hill
250173501042015,Winter Hill
250173502004006,Winter Hill
250173501043006,Winter Hill
250173501044016,Winter Hill
250173502005002,Winter Hill
250173501044006,Winter Hill
250173502002000,Winter Hill
250173502006001,Winter Hill
250173504001009,Ball Square
250173504001007,Ball Square
250173504002003,Ball Square
250173504003003,Ball Square
250173504002004,Ball Square
250173504003000,Ball Square
250173504003004,Ball Square
250173504003002,Ball Square
250173504001008,Ball Square
250173504005001,Ball Square
250173504002002,Ball Square
250173504003007,Ball Square
250173504003001,Ball Square
250173504005002,Ball Square
250173504005006,Ball Square
250173504005007,Ball Square
250173504001006,Ball Square
250173504002005,Ball Square
250173504005005,Ball Square
250173504003006,Ball Square
250173504005008,Ball Square
250173504002000,Ball Square
250173504002006,Ball Square
250173504005000,Ball Square
250173504002001,Ball Square
250173504005003,Ball Square
250173504003005,Ball Square
250173509003017,Davis Square
250173505001006,Davis Square
250173504004006,Davis Square
250173509001008,Davis Square
250173509003006,Davis Square
250173509003003,Davis Square
250173505002004,Davis Square
250173508002004,Davis Square
250173504004011,Davis Square
250173504004008,Davis Square
250173506004001,Davis Square
250173505002000,Davis Square
250173505001008,Davis Square
250173504004007,Davis Square
250173509003012,Davis Square
250173509003013,Davis Square
250173504004013,Davis Square
250173505001007,Davis Square
250173509003024,Davis Square
250173505001004,Davis Square
250173504004010,Davis Square
250173508002000,Davis Square
250173508002002,Davis Square
250173509001007,Davis Square
250173509003023,Davis Square
250173509003022,Davis Square
250173504004005,Davis Square
250173509003021,Davis Square
250173509003001,Davis Square
250173505001002,Davis Square
250173509003011,Davis Square
250173504004001,Davis Square
250173508002003,Davis Square
250173509003015,Davis Square
250173505002003,Davis Square
250173508002005,Davis Square
250173509003002,Davis Square
250173509003009,Davis Square
250173509003010,Davis Square
250173506004000,Davis Square
250173509003000,Davis Square
250173509003007,Davis Square
250173506004005,Davis Square
250173505001001,Davis Square
250173505001005,Davis Square
250173505001003,Davis Square
250173504004004,Davis Square
250173504004002,Davis Square
250173509001005,Davis Square
250173509003019,Davis Square
250173509001001,Davis Square
250173506004003,Davis Square
250173505002001,Davis Square
250173508002001,Davis Square
250173508002006,Davis Square
250173509003004,Davis Square
250173506004002,Davis Square
250173509003005,Davis Square
250173504004009,Davis Square
250173509001002,Davis Square
250173504004000,Davis Square
250173509001004,Davis Square
250173506004004,Davis Square
250173505002002,Davis Square
250173509003008,Davis Square
250173506004007,Davis Square
250173505001000,Davis Square
250173504004003,Davis Square
250173509003014,Davis Square
250173508002007,Davis Square
250173509003018,Davis Square
250173509001003,Davis Square
250173504004012,Davis Square
250173509001006,Davis Square
250173506001001,Powder House Square
250173506001005,Powder House Square
250173506001003,Powder House Square
250173506001004,Powder House Square
250173504001004,Powder House Square
250173506001000,Powder House Square
250173504001005,Powder House Square
250173506001002,Powder House Square
250173504001001,Powder House Square
250173504001002,Powder House Square
250173508001001,Teele Square
250173507006006,Teele Square
250173507006003,Teele Square
250173507006007,Teele Square
250173508001005,Teele Square
250173508001007,Teele Square
250173508001004,Teele Square
250173507005000,Teele Square
250173507005002,Teele Square
250173508001006,Teele Square
250173507006004,Teele Square
250173507005003,Teele Square
250173507006008,Teele Square
250173507006002,Teele Square
250173507004004,Teele Square
250173507004001,Teele Square
250173507004002,Teele Square
250173507004000,Teele Square
250173508001003,Teele Square
250173507004003,Teele Square
250173507005001,Teele Square
250173508001000,Teele Square
250173508001002,Teele Square
250173507006005,Teele Square
250173507004005,Teele Square
250173507006000,Teele Square
250173507006009,Teele Square
250173567011011,Teele Square
250173507006001,Teele Square
250173506003000,Hillside
250173507001010,Hillside
250173507002003,Hillside
250173507001015,Hillside
250173507001016,Hillside
250173507002001,Hillside
250173507003006,Hillside
250173507001011,Hillside
250173506002006,Hillside
250173507003003,Hillside
250173506003001,Hillside
250173506003005,Hillside
250173506002003,Hillside
250173507001006,Hillside
250173507001014,Hillside
250173506002005,Hillside
250173506002000,Hillside
250173506002002,Hillside
250173506003006,Hillside
250173507001008,Hillside
250173563001012,Hillside
250173507003007,Hillside
250173507003005,Hillside
250173506003003,Hillside
250173506002001,Hillside
250173507003004,Hillside
250173507002004,Hillside
250173507002002,Hillside
250173506003002,Hillside
250173507003002,Hillside
250173506003004,Hillside
250173507001005,Hillside
250173507001007,Hillside
250173507001013,Hillside
250173506002004,Hillside
250173506002007,Hillside
